postal code,latitude,longitude
85260,27.5514,-110.0833
85019,27.4244,-109.9225
85019,27.7928,-109.8867
85019,27.4244,-109.9225
85019,27.4244,-109.9225
85019,27.4244,-109.9225
85019,27.7928,-109.8867
85023,27.8096,-109.8831
85024,27.7928,-109.8867
85024,27.5122,-109.9723
85037,27.4244,-109.9225
85040,27.4244,-109.9225
85040,27.4244,-109.9225
85040,27.4244,-109.9225
85050,27.3953,-109.8903
85050,27.4408,-109.9156
85050,27.4864,-109.9408
85050,27.4408,-109.9156
85050,27.4408,-109.9156
85138,27.4895,-109.9621
85138,27.4895,-109.9621
85140,27.8838,-109.9248
85140,27.6464,-109.9567
85140,27.8838,-109.9248
85140,28.1212,-109.8929
85140,27.8838,-109.9248
85140,27.7928,-109.8867
85140,27.8838,-109.9248
85140,27.7928,-109.8867
85140,27.8838,-109.9248
85140,27.7928,-109.8867
85140,27.8838,-109.9248
85140,27.8838,-109.9248
85140,27.8838,-109.9248
85140,27.8838,-109.9248
85194,27.7928,-109.8867
85204,27.3706,-109.8938
85204,27.3706,-109.8938
85204,27.3706,-109.8938
85204,27.3706,-109.8938
85204,27.3706,-109.8938
85204,27.3706,-109.8938
85204,27.3706,-109.8938
85205,27.4317,-109.7511
85205,27.4264,-109.8067
85205,27.4282,-109.7992
85205,27.4266,-109.8303
85205,27.3847,-109.8031
85205,27.4266,-109.8303
85205,27.375,-109.7922
85205,27.4266,-109.8303
85205,27.3552,-109.9111
85205,27.4266,-109.8303
85205,27.481,-109.8434
85205,27.4266,-109.8303
85205,27.4814,-109.8667
85205,27.4266,-109.8303
85205,27.3972,-109.8022
85205,27.4266,-109.8303
85205,27.4269,-109.8389
85205,27.4266,-109.8303
85205,27.3758,-109.7892
85205,27.4266,-109.8303
85205,27.3739,-109.7275
85205,27.4266,-109.8303
85205,27.4538,-109.8566
85205,27.4266,-109.8303
85205,27.4783,-109.8672
85205,27.4266,-109.8303
85205,27.445,-109.8528
85205,27.4266,-109.8303
85205,27.2356,-109.9319
85205,27.4266,-109.8303
85205,27.4472,-109.8431
85205,27.4266,-109.8303
85205,27.368,-109.8063
85205,27.4266,-109.8303
85205,27.4574,-109.8116
85205,27.4266,-109.8303
85205,27.4597,-109.8661
85205,27.4064,-109.8403
85205,27.3714,-109.776
85205,27.7503,-109.9089
85205,27.4417,-109.82
85205,27.4353,-109.8472
85205,27.4052,-109.8293
85205,27.4266,-109.8303
85205,27.4266,-109.8303
85205,27.4266,-109.8303
85206,27.5131,-109.9661
85206,27.3458,-110.0347
85206,27.3258,-110.0542
85206,27.6667,-109.9275
85206,27.2886,-110.0156
85206,27.5613,-109.9357
85206,27.3403,-110.0936
85206,27.2814,-110.035
85206,27.335,-110.0281
85206,27.3033,-110.0344
85206,27.3528,-109.8903
85206,27.2347,-110.0353
85206,27.7928,-109.8867
85206,27.3353,-110.0565
85206,27.2986,-110.0756
85206,27.2958,-110.0375
85206,27.2806,-110.0153
85206,27.2264,-110.0556
85206,27.3439,-110.0558
85206,27.3083,-110.0333
85206,27.7928,-109.8867
85206,27.2806,-110.075
85206,27.7928,-109.8867
85206,27.3361,-110.0325
85206,27.3403,-110.0156
85206,27.3438,-110.0112
85206,27.3347,-110.0344
85206,27.3167,-110.0347
85206,27.3442,-110.0922
85206,27.3438,-110.0112
85206,27.3347,-110.0344
85206,27.3438,-110.0112
85206,27.3438,-110.0112
85206,27.3438,-110.0112
85206,27.3438,-110.0112
85206,27.3438,-110.0112
85206,27.3438,-110.0112
85206,27.3438,-110.0112
85206,27.3438,-110.0112
85206,27.3438,-110.0112
85206,27.3438,-110.0112
85206,27.3438,-110.0112
85206,27.3438,-110.0112
85206,27.3438,-110.0112
85206,27.3438,-110.0112
85206,27.3438,-110.0112
85206,27.3438,-110.0112
85206,27.3438,-110.0112
85206,27.3438,-110.0112
85206,27.3438,-110.0112
85206,27.3438,-110.0112
85206,27.3438,-110.0112
85206,27.3438,-110.0112
85206,27.3438,-110.0112
85206,27.3438,-110.0112
85206,27.3438,-110.0112
85206,27.3438,-110.0112
85206,27.3438,-110.0112
85206,27.3438,-110.0112
85206,27.3438,-110.0112
85206,27.3438,-110.0112
85206,27.3438,-110.0112
85206,27.3438,-110.0112
85207,27.2303,-109.9923
85207,27.3367,-109.9917
85207,27.2903,-109.9328
85207,27.2611,-109.9331
85207,27.2276,-110.0182
85207,27.2716,-109.9705
85207,27.7928,-109.8867
85207,27.2716,-109.9705
85207,27.2625,-109.9136
85207,27.2716,-109.9705
85207,27.1204,-109.9534
85207,27.2716,-109.9705
85207,27.2636,-109.9492
85207,27.2716,-109.9705
85207,27.2781,-109.9964
85207,27.2716,-109.9705
85207,27.2906,-109.9939
85207,27.2716,-109.9705
85207,27.2083,-109.9258
85207,27.2716,-109.9705
85207,27.2256,-109.9422
85207,27.2716,-109.9705
85207,27.2356,-109.9319
85207,27.2716,-109.9705
85207,27.7928,-109.8867
85207,27.2716,-109.9705
85207,27.3,-109.9742
85207,27.2716,-109.9705
85207,27.2669,-109.9733
85207,27.2716,-109.9705
85207,27.2959,-110.0389
85207,27.2716,-109.9705
85207,27.2716,-109.9705
85207,27.2716,-109.9705
85207,27.3169,-109.9878
85207,27.2716,-109.9705
85207,27.2716,-109.9705
85207,27.2716,-109.9705
85207,27.2433,-109.9447
85207,27.2716,-109.9705
85207,27.1799,-110.097
85207,27.2716,-109.9705
85207,27.2311,-109.9333
85207,27.2716,-109.9705
85207,27.2111,-109.8922
85207,27.2716,-109.9705
85207,27.2615,-109.9114
85207,27.2716,-109.9705
85207,27.2716,-109.9705
85207,27.2716,-109.9705
85207,27.2716,-109.9705
85207,27.2716,-109.9705
85207,27.2716,-109.9705
85207,27.2716,-109.9705
85207,27.23,-109.8994
85207,27.2792,-109.9842
85207,27.2716,-109.9705
85207,27.3403,-110.0156
85207,27.2716,-109.9705
85207,27.545,-109.9667
85207,27.2716,-109.9705
85207,27.2269,-109.8922
85207,27.2716,-109.9705
85207,27.2716,-109.9705
85207,27.2716,-109.9705
85207,27.2716,-109.9705
85207,27.2716,-109.9705
85207,27.2716,-109.9705
85207,27.2716,-109.9705
85207,27.2716,-109.9705
85207,27.2716,-109.9705
85207,27.2716,-109.9705
85207,27.2716,-109.9705
85207,27.2716,-109.9705
85207,27.2716,-109.9705
85207,27.2716,-109.9705
85207,27.2716,-109.9705
85207,27.2716,-109.9705
85207,27.2716,-109.9705
85207,27.2716,-109.9705
85207,27.2716,-109.9705
85207,27.2716,-109.9705
85207,27.2716,-109.9705
85207,27.2716,-109.9705
85207,27.2716,-109.9705
85207,27.2716,-109.9705
85207,27.2716,-109.9705
85207,27.2716,-109.9705
85207,27.2716,-109.9705
85207,27.2716,-109.9705
85207,27.2716,-109.9705
85207,27.2716,-109.9705
85207,27.2716,-109.9705
85207,27.2716,-109.9705
85207,27.2716,-109.9705
85207,27.2716,-109.9705
85207,27.2716,-109.9705
85207,27.2716,-109.9705
85207,27.2716,-109.9705
85207,27.2716,-109.9705
85207,27.2716,-109.9705
85207,27.2716,-109.9705
85207,27.2716,-109.9705
85207,27.2716,-109.9705
85207,27.2716,-109.9705
85207,27.2716,-109.9705
85207,27.2716,-109.9705
85207,27.2716,-109.9705
85207,27.2716,-109.9705
85207,27.2716,-109.9705
85207,27.2716,-109.9705
85207,27.2716,-109.9705
85208,27.3546,-109.85
85208,27.5522,-110.0058
85208,27.7928,-109.8867
85208,27.3895,-109.881
85208,27.5276,-110.007
85208,27.447,-109.922
85208,27.4081,-109.8861
85208,27.3895,-109.881
85208,27.4574,-109.8116
85208,27.3895,-109.881
85208,27.4,-109.8917
85208,27.3895,-109.881
85208,27.3761,-109.8308
85208,27.3895,-109.881
85208,27.3611,-109.8542
85208,27.3895,-109.881
85208,27.4269,-109.8617
85208,27.3542,-109.8903
85208,27.3994,-109.8983
85208,27.3895,-109.881
85208,27.3511,-109.8531
85208,27.3753,-109.8303
85208,27.7431,-109.8008
85208,27.3895,-109.881
85208,27.3633,-109.8819
85208,27.4236,-109.8575
85208,27.4,-109.8753
85208,27.3528,-109.8456
85208,27.3606,-109.8494
85208,27.3895,-109.881
85208,27.3897,-109.8597
85208,27.4008,-109.8736
85208,27.3964,-109.87
85208,27.3895,-109.881
85208,27.3178,-109.8925
85208,27.3895,-109.881
85208,27.7431,-109.8008
85208,27.3895,-109.881
85208,27.3178,-109.8644
85208,27.3895,-109.881
85208,27.2433,-109.8506
85208,27.3895,-109.881
85208,27.3534,-109.8593
85208,27.3895,-109.881
85208,27.3444,-109.9236
85208,27.3895,-109.881
85208,27.2961,-109.8383
85208,27.3895,-109.881
85208,27.3546,-109.8728
85208,27.3895,-109.881
85208,27.3638,-109.8308
85208,27.3895,-109.881
85208,27.335,-109.9317
85208,27.3895,-109.881
85208,27.3528,-109.8711
85208,27.3895,-109.881
85208,27.7928,-109.8867
85208,27.3895,-109.881
85208,27.3962,-109.9331
85208,27.3895,-109.881
85208,27.7928,-109.8867
85208,27.3895,-109.881
85208,27.7928,-109.8867
85208,27.3895,-109.881
85208,27.3953,-109.8903
85208,27.3528,-109.8903
85208,27.3895,-109.881
85208,27.4133,-109.8917
85208,27.3895,-109.881
85208,27.3395,-110.0926
85208,27.3895,-109.881
85208,27.3995,-109.9305
85208,27.3895,-109.881
85208,27.3417,-109.85
85208,27.3895,-109.881
85208,27.4086,-109.8917
85208,27.3895,-109.881
85208,27.3183,-109.8568
85208,27.3895,-109.881
85208,27.3895,-109.881
85208,27.3895,-109.881
85208,27.3895,-109.881
85208,27.3895,-109.881
85208,27.3895,-109.881
85208,27.3895,-109.881
85208,27.3895,-109.881
85208,27.3895,-109.881
85208,27.3895,-109.881
85208,27.3895,-109.881
85208,27.3895,-109.881
85208,27.3895,-109.881
85208,27.3895,-109.881
85208,27.3895,-109.881
85208,27.3895,-109.881
85208,27.3895,-109.881
85208,27.3895,-109.881
85208,27.3895,-109.881
85208,27.3895,-109.881
85208,27.3895,-109.881
85208,27.3895,-109.881
85208,27.3895,-109.881
85208,27.3895,-109.881
85208,27.3895,-109.881
85208,27.3895,-109.881
85208,27.3895,-109.881
85208,27.3895,-109.881
85208,27.3895,-109.881
85208,27.3895,-109.881
85208,27.3895,-109.881
85209,27.2433,-109.8711
85209,27.2833,-109.8133
85209,27.2081,-109.9637
85209,27.2883,-109.8208
85209,27.3125,-109.8049
85209,27.1889,-109.8894
85209,27.1717,-109.9292
85209,27.7928,-109.8867
85209,27.2433,-109.8808
85209,27.2804,-109.8717
85209,27.2603,-109.8406
85209,27.2679,-109.8675
85209,27.6792,-110.0162
85209,27.1517,-109.8814
85209,27.2894,-109.8092
85209,27.2679,-109.8675
85209,27.2433,-109.8506
85209,27.2679,-109.8675
85209,27.2961,-109.8383
85209,27.2679,-109.8675
85209,27.2433,-109.8236
85209,27.2256,-109.8506
85209,27.7928,-109.8867
85209,27.2679,-109.8675
85209,27.2594,-109.8519
85209,27.2719,-109.8906
85209,27.2042,-109.9167
85209,27.2679,-109.8675
85209,27.2803,-109.8917
85209,27.2679,-109.8675
85209,27.2533,-109.8506
85209,27.2679,-109.8675
85209,27.1642,-109.9514
85209,27.2679,-109.8675
85209,27.2611,-109.8361
85209,27.2679,-109.8675
85209,27.1705,-109.9739
85209,27.2679,-109.8675
85209,27.1878,-109.9331
85209,27.2679,-109.8675
85209,27.7928,-109.8867
85209,27.2679,-109.8675
85209,27.7928,-109.8867
85209,27.2679,-109.8675
85209,27.1983,-109.9017
85209,27.2679,-109.8675
85209,27.2639,-109.8222
85209,27.2679,-109.8675
85209,27.1705,-109.8936
85209,27.2679,-109.8675
85209,27.4212,-109.8925
85209,27.2679,-109.8675
85209,27.2077,-109.8583
85209,27.2679,-109.8675
85209,27.2444,-109.8506
85209,27.2679,-109.8675
85209,27.2433,-109.8389
85209,27.2679,-109.8675
85209,27.3403,-110.0156
85209,27.2679,-109.8675
85209,27.2986,-109.8911
85209,27.3962,-109.9331
85209,27.2679,-109.8675
85209,27.3528,-109.8903
85209,27.1989,-109.8917
85209,27.2679,-109.8675
85209,27.1897,-109.925
85209,27.2679,-109.8675
85209,27.2867,-109.8911
85209,27.2679,-109.8675
85209,27.2792,-109.8378
85209,27.2679,-109.8675
85209,27.192,-109.9073
85209,27.2679,-109.8675
85209,27.2679,-109.8675
85209,27.2679,-109.8675
85209,27.2679,-109.8675
85209,27.2679,-109.8675
85209,27.2679,-109.8675
85209,27.2679,-109.8675
85209,27.2679,-109.8675
85209,27.2679,-109.8675
85209,27.2679,-109.8675
85209,27.2679,-109.8675
85209,27.2679,-109.8675
85209,27.2679,-109.8675
85209,27.2679,-109.8675
85209,27.2679,-109.8675
85209,27.2679,-109.8675
85209,27.2679,-109.8675
85209,27.2679,-109.8675
85209,27.2679,-109.8675
85209,27.2679,-109.8675
85209,27.2679,-109.8675
85209,27.2679,-109.8675
85209,27.2679,-109.8675
85209,27.2679,-109.8675
85209,27.2679,-109.8675
85209,27.2679,-109.8675
85209,27.2679,-109.8675
85209,27.2679,-109.8675
85209,27.2679,-109.8675
85209,27.2679,-109.8675
85209,27.2679,-109.8675
85209,27.2679,-109.8675
85209,27.2679,-109.8675
85209,27.2679,-109.8675
85209,27.2679,-109.8675
85209,27.2679,-109.8675
85210,27.3703,-110.0344
85210,27.5629,-109.9475
85210,27.5792,-109.9298
85210,27.5629,-109.9475
85210,27.4999,-109.9993
85210,27.8,-109.9036
85210,27.5629,-109.9475
85210,27.5514,-109.9264
85210,27.5629,-109.9475
85210,27.5668,-109.9229
85210,27.5629,-109.9475
85210,27.7928,-109.8867
85210,27.5629,-109.9475
85210,27.5729,-109.9162
85210,27.5629,-109.9475
85210,27.7928,-109.8867
85210,27.5629,-109.9475
85210,27.7928,-109.8867
85210,27.5629,-109.9475
85210,27.7928,-109.8867
85210,27.5629,-109.9475
85210,27.5629,-109.9475
85210,27.5629,-109.9475
85212,28.1212,-109.8929
85212,28.1527,-109.9095
85212,28.0063,-109.8166
85212,28.0507,-109.8331
85212,28.1064,-109.8982
85212,28.0875,-109.8861
85212,27.909,-109.9206
85212,27.909,-109.9206
85212,27.9922,-109.9553
85212,28.1048,-109.8668
85212,28.0194,-109.9819
85212,27.6519,-109.9336
85212,27.7928,-109.8867
85212,28.1358,-110.0021
85212,27.4999,-109.9993
85212,28.0444,-109.9919
85212,27.909,-109.9206
85212,27.9839,-109.8492
85212,27.9708,-109.9364
85212,27.7874,-110.015
85212,28.229,-110.0984
85212,27.909,-109.9206
85212,27.6942,-110.0158
85212,27.909,-109.9206
85212,27.3994,-109.8983
85212,27.909,-109.9206
85212,27.9417,-109.8492
85212,27.909,-109.9206
85212,27.7111,-109.9151
85212,27.909,-109.9206
85212,28.1496,-110.0672
85212,28.0543,-109.9398
85212,27.9928,-109.8178
85212,28.1793,-109.9089
85212,27.6792,-110.0162
85212,27.3178,-109.8644
85212,28.0903,-109.8319
85212,27.7928,-109.8867
85212,27.7928,-109.8867
85213,27.8,-109.9036
85213,27.7431,-109.8008
85213,27.7783,-109.9022
85213,27.7136,-109.9033
85213,27.6265,-109.8355
85213,27.7335,-109.8989
85213,27.6469,-109.8729
85213,27.6349,-109.8557
85213,27.6525,-109.8996
85213,27.7315,-109.8389
85213,27.9083,-109.925
85213,27.5865,-109.7933
85213,27.9124,-109.8086
85213,27.6597,-109.78
85213,27.7503,-109.9089
85213,27.7674,-109.898
85213,27.6603,-109.8975
85213,27.6667,-109.9275
85213,27.3639,-110.0089
85213,27.6714,-109.8917
85213,27.8578,-109.5977
85213,27.4643,-109.8897
85213,27.8,-109.8833
85213,27.6034,-109.9386
85213,27.6838,-109.8842
85213,27.73,-109.875
85213,27.8336,-109.9244
85213,27.4236,-109.8575
85213,27.6033,-109.8161
85213,27.8025,-109.8906
85213,27.7639,-109.8972
85213,27.6464,-109.9111
85213,27.6578,-109.9125
85213,27.6838,-109.8842
85213,27.7852,-109.9024
85213,27.7512,-109.8924
85213,27.761,-109.8964
85213,27.7172,-109.9061
85213,27.8129,-109.8994
85213,27.47,-109.9561
85213,27.7878,-109.8805
85213,27.6597,-109.9317
85213,27.6838,-109.8842
85213,27.8096,-109.8831
85213,27.6764,-109.9039
85213,27.6838,-109.8842
85213,27.6664,-109.9175
85213,27.7195,-109.838
85213,27.6838,-109.8842
85213,27.6739,-109.9122
85213,27.6838,-109.8842
85213,27.6838,-109.8842
85213,27.7219,-109.8833
85213,27.208,-110.0152
85213,27.6838,-109.8842
85213,27.5922,-109.7783
85213,27.6838,-109.8842
85213,27.6838,-109.8842
85213,27.6185,-109.9536
85213,27.7389,-109.8203
85213,27.6838,-109.8842
85213,27.6838,-109.8842
85213,27.6838,-109.8842
85213,27.6838,-109.8842
85213,27.6792,-110.0162
85213,27.6838,-109.8842
85213,27.6838,-109.8842
85213,27.6217,-109.9253
85213,27.6838,-109.8842
85213,27.6838,-109.8842
85213,27.3534,-109.8593
85213,27.6838,-109.8842
85213,27.6838,-109.8842
85213,27.7928,-109.8867
85213,27.6838,-109.8842
85213,27.6838,-109.8842
85213,27.7616,-109.9012
85213,27.6838,-109.8842
85213,27.6838,-109.8842
85213,27.3398,-109.9743
85213,27.6838,-109.8842
85213,27.6838,-109.8842
85213,27.9195,-109.8727
85213,27.6838,-109.8842
85213,27.6838,-109.8842
85213,27.7928,-109.8867
85213,27.6838,-109.8842
85213,27.6838,-109.8842
85213,27.6558,-109.9067
85213,27.6838,-109.8842
85213,27.6838,-109.8842
85213,27.7181,-109.8903
85213,27.6838,-109.8842
85213,27.6838,-109.8842
85213,27.7928,-109.8867
85213,27.6838,-109.8842
85213,27.6838,-109.8842
85213,27.6653,-109.9264
85213,27.6838,-109.8842
85213,27.6838,-109.8842
85213,27.7928,-109.8867
85213,27.6838,-109.8842
85213,27.6838,-109.8842
85213,27.9502,-109.6665
85213,27.6838,-109.8842
85213,27.6838,-109.8842
85213,27.7928,-109.8867
85213,27.6838,-109.8842
85213,27.6838,-109.8842
85213,27.7928,-109.8867
85213,27.6838,-109.8842
85213,27.6838,-109.8842
85213,27.7928,-109.8867
85213,27.6838,-109.8842
85213,27.6838,-109.8842
85213,27.7928,-109.8867
85213,27.6838,-109.8842
85213,27.6838,-109.8842
85213,27.7928,-109.8867
85213,27.6838,-109.8842
85213,27.6838,-109.8842
85213,27.7928,-109.8867
85213,27.6838,-109.8842
85213,27.6838,-109.8842
85213,27.7928,-109.8867
85213,27.6838,-109.8842
85213,27.6838,-109.8842
85213,27.7928,-109.8867
85213,27.6838,-109.8842
85213,27.6838,-109.8842
85213,27.7928,-109.8867
85213,27.6838,-109.8842
85213,27.6838,-109.8842
85213,27.7928,-109.8867
85213,27.6838,-109.8842
85213,27.6838,-109.8842
85213,27.7928,-109.8867
85213,27.6838,-109.8842
85213,27.6838,-109.8842
85213,27.6838,-109.8842
85213,27.6838,-109.8842
85213,27.6838,-109.8842
85213,27.6838,-109.8842
85213,27.6838,-109.8842
85213,27.6838,-109.8842
85213,27.6838,-109.8842
85213,27.6838,-109.8842
85213,27.6838,-109.8842
85213,27.6838,-109.8842
85213,27.6838,-109.8842
85213,27.6838,-109.8842
85213,27.6838,-109.8842
85213,27.6838,-109.8842
85213,27.6838,-109.8842
85213,27.6838,-109.8842
85213,27.6838,-109.8842
85213,27.6838,-109.8842
85213,27.6838,-109.8842
85213,27.6838,-109.8842
85213,27.6838,-109.8842
85213,27.6838,-109.8842
85213,27.7928,-109.8867
85213,27.6838,-109.8842
85213,27.6838,-109.8842
85213,27.6838,-109.8842
85213,27.6838,-109.8842
85213,27.6838,-109.8842
85213,27.6838,-109.8842
85213,27.6838,-109.8842
85213,27.6838,-109.8842
85213,27.6838,-109.8842
85213,27.6838,-109.8842
85213,27.6838,-109.8842
85213,27.6838,-109.8842
85213,27.6838,-109.8842
85213,27.6838,-109.8842
85213,27.6838,-109.8842
85213,27.6838,-109.8842
85213,27.6838,-109.8842
85213,27.6838,-109.8842
85213,27.6838,-109.8842
85213,27.6838,-109.8842
85215,27.7315,-109.8389
85215,28.3204,-109.6638
85215,28.2434,-109.8825
85215,28.1489,-109.6501
85215,28.0891,-109.7894
85215,28.3139,-109.6109
85215,28.2505,-109.653
85215,27.6333,-109.9333
85215,28.1177,-109.7003
85215,28.1542,-109.795
85215,28.0891,-109.7894
85215,27.6942,-110.0158
85215,28.3458,-109.6238
85215,28.0891,-109.7894
85215,27.7852,-109.9024
85215,28.0891,-109.7894
85215,28.297,-109.6059
85215,28.0891,-109.7894
85215,28.2434,-109.8825
85215,28.2288,-109.821
85215,27.8986,-109.9767
85215,27.8,-109.8833
85215,28.3969,-109.7699
85215,28.0891,-109.7894
85215,27.7928,-109.8867
85215,27.7928,-109.8867
85310,28.0083,-110.6688
85310,28.0083,-110.6688
85338,27.9743,-110.81
85339,27.9743,-110.81
85340,28.0083,-110.6688
85340,27.946,-110.9282
85340,27.946,-110.9282
85344,27.946,-110.9282
85387,27.9665,-110.844
85387,27.9665,-110.844
85390,27.9793,-110.7936
85283,27.0939,-109.6289
85283,27.1708,-109.7178
85283,27.1211,-109.6053
85283,27.1626,-109.669
85283,27.1626,-109.669
85283,27.1144,-109.6222
85283,27.2069,-109.7239
85283,27.1169,-109.5819
85283,27.1626,-109.669
85283,27.1626,-109.669
85283,27.2083,-109.7069
85283,27.1626,-109.669
85283,27.1626,-109.669
85283,27.1626,-109.669
85283,27.0943,-109.6569
85283,27.1626,-109.669
85283,27.1708,-109.6661
85283,27.1626,-109.669
85283,27.2106,-109.6829
85283,27.1626,-109.669
85283,27.159,-109.5929
85283,27.1626,-109.669
85283,27.225,-109.7278
85283,27.1626,-109.669
85283,27.1889,-109.6882
85283,27.1626,-109.669
85283,27.0151,-109.6885
85283,27.1626,-109.669
85283,27.1988,-109.7085
85283,27.1626,-109.669
85283,27.1514,-109.6861
85283,27.1626,-109.669
85283,27.171,-109.7083
85283,27.0151,-109.6885
85283,27.0151,-109.6885
85283,27.0151,-109.6885
85284,27.0611,-109.6464
85284,27.0256,-109.6585
85284,26.99,-109.7075
85284,27.0839,-109.6458
85284,27.0111,-109.676
85284,27.0858,-109.6714
85284,27.0747,-109.6506
85284,27.0256,-109.6585
85284,27.0339,-109.6922
85284,26.9994,-109.6444
85284,27.068,-109.6863
85284,27.0256,-109.6585
85284,27.0203,-109.6492
85284,27.0256,-109.6585
85284,27.0044,-109.6633
85284,27.0256,-109.6585
85284,27.0151,-109.6885
85284,26.9712,-109.5241
85284,27.0151,-109.6885
85284,27.0311,-109.6442
85284,26.9961,-109.6647
85284,27.0148,-109.6425
85284,26.9986,-109.6554
85284,27.0169,-109.6961
85284,27.0364,-109.67
85284,26.989,-109.6807
85286,26.8642,-109.5489
85286,26.8663,-109.617
85286,26.8798,-109.572
85286,26.9082,-109.5847
85286,26.8928,-109.6069
85286,26.8717,-109.5742
85286,26.9061,-109.6024
85286,26.9711,-109.5395
85286,26.9082,-109.5847
85286,26.8933,-109.6314
85286,26.8661,-109.5514
85286,26.8807,-109.5432
85286,26.9082,-109.5847
85286,26.9082,-109.5847
85286,26.9242,-109.5017
85286,26.9082,-109.5847
85286,26.8775,-109.5617
85286,26.9082,-109.5847
85286,26.8561,-109.6125
85286,26.9082,-109.5847
85286,26.9867,-109.6316
85286,26.9082,-109.5847
85286,26.9303,-109.6367
85286,26.8917,-109.5903
85286,26.9082,-109.5847
85286,26.9849,-109.6136
85286,26.9082,-109.5847
85286,26.9328,-109.6131
85286,26.9082,-109.5847
85286,26.9797,-109.5606
85286,26.9082,-109.5847
85286,26.9082,-109.5847
85286,26.9082,-109.5847
85286,26.9082,-109.5847
85248,26.7518,-109.6745
85249,26.7838,-109.5807
85249,26.825,-109.6022
85249,26.8028,-109.6144
85249,26.6505,-109.4063
85249,26.7869,-109.4713
85249,26.7944,-109.48
85249,26.7811,-109.5208
85249,26.8139,-109.536
85249,26.7875,-109.4333
85249,26.7893,-109.4567
85249,26.8379,-109.5054
85249,26.8139,-109.536
85249,26.8234,-109.4666
85249,26.823,-109.419
85249,26.7787,-109.435
85249,26.8139,-109.536
85249,26.7624,-109.6029
85249,26.8472,-109.625
85249,26.8367,-109.5264
85249,26.821,-109.6189
85249,26.8139,-109.536
85249,26.8139,-109.536
85249,26.8381,-109.5262
85249,26.8233,-109.5461
85249,26.8369,-109.4778
85249,26.8139,-109.536
85249,26.8091,-109.466
85249,26.7761,-109.5228
85249,26.8139,-109.536
85249,26.8139,-109.536
85249,26.8244,-109.5614
85249,26.8236,-109.4333
85249,26.8046,-109.578
85249,26.8139,-109.536
85249,26.8367,-109.6158
85249,26.8139,-109.536
85249,26.8203,-109.6158
85249,26.8139,-109.536
85249,26.76,-109.6002
85249,26.8139,-109.536
85249,26.8121,-109.615
85249,26.8139,-109.536
85249,26.8236,-109.5483
85249,26.78,-109.6307
85249,26.8139,-109.536
85249,26.8139,-109.536
85249,26.8139,-109.536
85249,26.8139,-109.536
85249,26.8139,-109.536
85249,26.8139,-109.536
85249,26.8139,-109.536
85250,26.6472,-109.2958
85250,26.606,-109.303
85250,26.6194,-109.3055
85250,26.6446,-109.2796
85250,26.6861,-109.2528
85250,26.6858,-109.2567
85250,26.6754,-109.2666
85250,26.6446,-109.2796
85250,26.6446,-109.2796
85250,26.6446,-109.2796
85250,26.5798,-109.1589
85250,26.593,-109.319
85250,26.6397,-109.2354
85250,26.6446,-109.2796
85250,26.6446,-109.2796
85250,26.645,-109.2172
85250,26.6446,-109.2796
85250,26.7056,-109.2931
85250,26.61,-109.314
85250,26.6627,-109.3151
85250,26.5882,-109.3362
85250,26.7143,-109.278
85250,26.6033,-109.3286
85250,26.6968,-109.2767
85251,26.729,-109.38
85251,26.6228,-109.3744
85251,26.7283,-109.4173
85251,26.729,-109.38
85251,26.7786,-109.3715
85251,26.7912,-109.3891
85251,26.729,-109.38
85251,26.7972,-109.3875
85251,26.6564,-109.3803
85251,26.7975,-109.3478
85251,26.6467,-109.395
85251,26.6505,-109.4063
85251,26.7423,-109.3574
85253,26.5555,-109.2904
85253,26.5675,-109.2969
85253,26.5555,-109.2904
85253,26.5436,-109.2839
85253,26.5555,-109.2904
85254,26.6045,-109.1752
85254,26.5778,-109.165
85254,26.5849,-109.176
85254,26.5628,-109.1975
85254,26.6022,-109.1828
85254,26.5849,-109.176
85254,26.5774,-109.1594
85255,26.5666,-109.1513
85255,26.5575,-109.1411
85255,26.5783,-109.1358
85255,26.5682,-109.1311
85255,26.5528,-109.1154
85255,26.5859,-109.112
85257,26.451,-109.197
85257,26.4622,-109.1331
85257,26.4081,-109.0949
85257,26.4494,-109.1939
85257,26.4427,-109.1547
85257,26.4427,-109.1547
85257,26.4427,-109.1547
85258,26.5358,-109.2158
85258,26.5064,-109.1536
85258,26.5689,-109.1538
85258,26.5472,-109.1328
85258,26.5401,-109.1651
85258,26.5386,-109.1662
85258,26.533,-109.1759
85258,26.5386,-109.1662
85258,26.5386,-109.1662
85920,26.6505,-109.4063
85935,26.6505,-109.4063
85935,26.8472,-109.6328
85935,26.6505,-109.4063
85935,26.6505,-109.4063
85938,26.8472,-109.6328
85940,26.8367,-109.5264
85940,26.6505,-109.4063
85940,26.8367,-109.5264
85940,26.6505,-109.4063
85940,26.6505,-109.4063
85224,26.9944,-109.4569
85224,26.9572,-109.4381
85224,26.9499,-109.4989
85224,26.9111,-109.439
85224,26.9669,-109.4142
85224,26.9572,-109.4381
85224,26.9572,-109.4381
85224,27.0392,-109.4085
85224,26.9732,-109.4287
85224,26.9572,-109.4381
85224,26.9572,-109.4381
85224,27.0781,-109.4027
85224,26.9762,-109.4199
85224,26.9572,-109.4381
85224,26.9572,-109.4381
85224,27.0781,-109.4027
85224,26.9851,-109.4971
85224,26.9572,-109.4381
85224,26.9572,-109.4381
85224,27.0781,-109.4027
85224,26.9661,-109.4619
85224,26.9572,-109.4381
85224,26.9572,-109.4381
85224,26.9847,-109.4575
85224,26.9224,-109.4787
85224,26.9572,-109.4381
85224,27.0781,-109.4027
85224,27.0386,-109.4667
85224,26.9369,-109.4335
85224,26.9572,-109.4381
85224,26.9748,-109.4569
85224,26.9306,-109.4167
85224,26.9236,-109.4142
85224,26.9572,-109.4381
85224,26.9572,-109.4381
85224,27.0111,-109.4339
85224,26.9572,-109.4381
85224,26.9572,-109.4381
85224,26.9572,-109.4381
85224,26.9358,-109.4833
85224,26.9572,-109.4381
85224,26.9572,-109.4381
85224,26.9572,-109.4381
85224,26.9712,-109.5241
85224,26.9944,-109.4569
85224,26.9863,-109.4317
85224,26.9572,-109.4381
85224,26.9125,-109.4006
85224,26.9572,-109.4381
85224,26.8972,-109.4039
85224,26.9572,-109.4381
85224,27.0039,-109.4639
85224,26.9572,-109.4381
85224,26.9939,-109.4916
85224,26.9572,-109.4381
85224,26.8261,-109.1589
85224,26.9572,-109.4381
85224,26.953,-109.425
85224,26.9572,-109.4381
85224,26.9806,-109.4333
85224,26.9617,-109.4278
85224,26.9572,-109.4381
85224,26.9515,-109.4271
85224,26.9107,-109.3396
85224,26.9572,-109.4381
85224,26.9572,-109.4381
85224,26.9572,-109.4381
85224,26.9572,-109.4381
85225,27.0492,-109.5153
85225,27.0781,-109.4027
85225,27.0492,-109.5153
85225,27.0492,-109.5153
85225,27.0492,-109.5153
85225,27.0492,-109.5153
85225,27.0492,-109.5153
85225,27.0492,-109.5153
85225,27.0492,-109.5153
85225,27.0492,-109.5153
85225,27.0492,-109.5153
85225,27.0492,-109.5153
85226,26.9986,-109.4989
85226,27.0292,-109.505
85226,27.0703,-109.4437
85226,27.0195,-109.4866
85226,26.9803,-109.5393
85226,26.98,-109.524
85226,26.9987,-109.5119
85226,27.0195,-109.4866
85226,26.9843,-109.547
85226,27.0246,-109.5312
85226,27.0431,-109.5061
85226,27.0195,-109.4866
85226,27.0195,-109.4866
85226,26.9894,-109.5185
85226,27.0195,-109.4866
85226,27.0195,-109.4866
85226,27.0195,-109.4866
85226,27.0606,-109.5431
85226,27.0195,-109.4866
85226,27.0195,-109.4866
85226,27.0195,-109.4866
85226,26.98,-109.519
85226,27.2167,-109.1667
85226,26.999,-109.5323
85226,27.0444,-109.5203
85226,27.0492,-109.5153
85226,27.0195,-109.4866
85226,26.9986,-109.5175
85226,26.9878,-109.5289
85226,26.9236,-109.4142
85226,27.0781,-109.4027
85226,27.0394,-109.5094
85226,27.0195,-109.4866
85226,27.04,-109.2773
85226,27.0195,-109.4866
85226,26.9903,-109.5359
85226,27.0195,-109.4866
85226,27.0781,-109.4027
85226,27.0195,-109.4866
85226,27.0195,-109.4866
85226,27.0195,-109.4866
85226,27.0195,-109.4866
85226,27.0195,-109.4866
85226,27.0195,-109.4866
85226,27.0195,-109.4866
85226,27.0195,-109.4866
85226,27.0195,-109.4866
85226,27.0195,-109.4866
85233,27.3483,-109.7592
85233,27.3627,-109.7428
85233,27.3425,-109.7332
85233,27.3462,-109.7599
85233,27.1655,-109.4093
85233,27.3181,-109.715
85233,27.3414,-109.7389
85233,27.2913,-109.7781
85233,27.331,-109.7363
85233,27.3122,-109.7357
85233,27.3514,-109.7575
85233,27.2079,-109.522
85233,27.0781,-109.4027
85233,27.3122,-109.7357
85233,27.3122,-109.7357
85233,27.3122,-109.7357
85233,27.3012,-109.8026
85233,27.3122,-109.7357
85233,27.0781,-109.4027
85233,27.3122,-109.7357
85233,27.3122,-109.7357
85233,27.3256,-109.7447
85233,27.3233,-109.7258
85233,27.0781,-109.4027
85233,27.3237,-109.7083
85233,27.3186,-109.7569
85233,27.3342,-109.7261
85233,27.3114,-109.7661
85233,27.0781,-109.4027
85233,27.0781,-109.4027
85233,27.0781,-109.4027
85233,27.3517,-109.7628
85233,27.0781,-109.4027
85233,27.2581,-109.7917
85233,27.3537,-109.8185
85233,27.0781,-109.4027
85233,27.0781,-109.4027
85233,27.0781,-109.4027
85234,27.2608,-109.7983
85234,27.2369,-109.7778
85234,27.2242,-109.7522
85234,27.0444,-109.5203
85234,27.255,-109.7978
85234,27.2756,-109.7847
85234,27.2755,-109.7869
85234,27.2588,-109.7611
85234,27.2624,-109.789
85234,27.2368,-109.7549
85234,27.2444,-109.75
85234,27.2556,-109.7764
85234,27.2368,-109.7549
85234,27.2556,-109.7514
85234,27.2292,-109.7672
85234,27.2368,-109.7549
85234,27.2368,-109.7549
85234,27.2368,-109.7549
85234,27.2368,-109.7549
85234,27.2368,-109.7549
85234,27.2368,-109.7549
85234,27.2368,-109.7549
85234,27.2368,-109.7549
85234,27.2368,-109.7549
85234,27.2368,-109.7549
85234,27.2368,-109.7549
85234,27.2368,-109.7549
85234,27.2368,-109.7549
85234,27.2368,-109.7549
85730,27.7617,-109.5496
85735,27.45,-109.0339
85735,27.4141,-109.2125
85735,27.4342,-109.0514
85735,27.4242,-109.2219
85735,27.5667,-109.3667
85737,27.6753,-109.5539
85737,27.5889,-109.6056
85737,27.5303,-109.4022
85710,28.1833,-109.35
85710,28.2631,-109.4875
85710,28.2232,-109.4187
85710,28.2232,-109.4187
85715,27.7623,-109.2897
85715,27.8436,-109.3506
85715,27.8279,-109.2437
85715,27.7581,-109.38
85614,28.7167,-108.95
85615,28.6467,-109.1074
85641,28.9414,-109.6421
85643,28.8861,-109.7489
85650,28.5994,-109.5653
85295,27.1103,-109.7889
85295,27.1141,-109.7343
85295,27.1228,-109.8486
85295,27.1175,-109.8118
85295,27.1181,-109.8428
85295,27.1175,-109.8118
85295,27.1175,-109.8118
85295,27.1175,-109.8118
85295,27.1064,-109.8514
85295,27.1175,-109.8118
85295,27.1175,-109.8118
85295,27.1225,-109.8444
85295,27.1175,-109.8118
85295,27.1175,-109.8118
85295,27.1175,-109.8118
85295,27.1175,-109.8118
85295,27.1175,-109.8118
85295,27.1175,-109.8118
85296,27.0564,-109.8497
85296,27.125,-109.855
85296,27.1338,-109.8928
85296,27.112,-109.8781
85296,27.1164,-109.8725
85296,27.1163,-109.8914
85296,27.1072,-109.8925
85296,27.1286,-109.8925
85296,27.112,-109.8781
85296,27.112,-109.8781
85296,27.112,-109.8781
85296,27.112,-109.8781
85296,27.112,-109.8781
85296,27.112,-109.8781
85296,27.112,-109.8781
85296,27.112,-109.8781
85296,27.112,-109.8781
85296,27.112,-109.8781
85297,27.0592,-109.9129
85297,27.0317,-109.8928
85297,27.008,-109.8726
85297,27.0279,-109.8923
85297,27.0792,-109.9145
85297,27.0446,-109.8876
85297,27.0413,-109.8923
85297,27.0242,-109.8714
85297,27.1064,-109.8514
85297,27.0446,-109.8876
85297,27.0564,-109.8497
85297,27.0446,-109.8876
85297,27.0446,-109.8876
85297,27.0733,-109.8895
85297,27.0446,-109.8876
85297,27.0446,-109.8876
85297,27.0446,-109.8876
85297,27.0446,-109.8876
85297,27.0446,-109.8876
85297,27.0446,-109.8876
85297,27.0446,-109.8876
85297,27.0446,-109.8876
85298,27.1072,-109.8925
85298,27.0933,-109.9131
85298,27.0793,-109.9336
86015,18.0954,-92.9165
86017,18.0192,-92.906
86017,18.0192,-92.906
86017,18.0192,-92.906
86017,18.0192,-92.906
86017,18.0192,-92.906
86017,18.0192,-92.906
86025,18.0297,-92.9243
86320,18.2869,-93.3367
86320,18.2167,-93.3667
86320,18.2167,-93.3667
86320,18.2869,-93.3367
86320,18.2167,-93.3667
86320,18.2167,-93.3667
86320,18.2869,-93.3367
86320,18.2869,-93.3367
86320,18.2167,-93.3667
86320,18.2167,-93.3667
86323,18.2167,-93.3667
86323,18.2869,-93.3367
86324,18.2869,-93.3367
86324,18.2167,-93.3667
86325,18.2869,-93.3367
86325,18.2167,-93.3667
86403,17.9797,-93.6271
86403,17.942,-93.5999
86403,17.9633,-93.6658
86403,17.9528,-93.6908
86403,17.9595,-93.6459
86403,17.9595,-93.6459
86403,17.9595,-93.6459
86404,17.8892,-93.5175
86404,17.8264,-93.6998
86406,17.8335,-93.4182
86406,17.8335,-93.4182
86406,17.8335,-93.4182
86406,17.8335,-93.4182
86406,17.8335,-93.4182
86406,17.8335,-93.4182
86406,17.8335,-93.4182
86406,17.8335,-93.4182
86406,17.8335,-93.4182
86406,17.8335,-93.4182
86409,17.8892,-93.5175
86409,17.8892,-93.5175
86413,18.0172,-93.9372
86413,18.0516,-93.977
86413,18.0322,-94.0667
86413,18.0337,-93.9936
86413,18.0337,-93.9936
86426,17.7697,-93.8125
86426,17.7056,-93.7177
86426,17.6278,-93.7087
86426,17.8167,-93.7583
86426,17.6636,-93.7002
86426,17.6801,-93.6745
86426,17.6813,-93.7096
86426,17.7405,-93.7165
86426,17.7396,-93.7042
86426,17.6308,-93.675
86426,17.8264,-93.6998
86426,17.8264,-93.6998
86426,17.8264,-93.6998
86426,17.8264,-93.6998
86442,17.4654,-93.5802
85920,33.8279,-109.1283
85924,34.4458,-109.6741
85938,34.1702,-109.3315
85940,34.2575,-109.6929
85602,31.9883,-110.2941
85607,31.3511,-109.5447
85615,31.4035,-110.2047
85625,31.8885,-109.6119
85632,32.0423,-109.1748
85643,32.373,-109.8631
85650,31.4892,-110.2153
85931,34.4513,-110.8644
86001,35.1859,-111.662
86004,35.2257,-111.5741
86005,35.1545,-111.6789
86015,35.2381,-111.8335
86017,34.9412,-111.641
86046,35.5434,-112.1707
86336,34.8266,-111.7506
86351,34.7784,-111.7851
85541,34.2198,-111.2878
85554,34.1014,-110.9637
85546,32.8295,-109.6266
85325,33.9578,-114.0036
85344,34.15,-114.2891
85006,33.465,-112.0474
85007,33.4523,-112.0893
85008,33.4665,-111.9984
85012,33.5097,-112.0678
85014,33.5103,-112.0556
85015,33.5082,-112.1011
85016,33.5021,-112.0305
85017,33.5153,-112.1212
85018,33.4958,-111.9883
85019,33.5123,-112.1417
85022,33.6315,-112.052
85023,33.6324,-112.1118
85024,33.6617,-112.037
85027,33.6819,-112.0996
85028,33.5851,-112.0087
85029,33.5961,-112.1199
85031,33.4939,-112.1696
85032,33.6238,-112.0044
85033,33.4944,-112.2132
85035,33.4724,-112.1832
85037,33.4913,-112.2468
85040,33.4061,-112.0265
85041,33.3889,-112.0954
85042,33.3794,-112.0283
85044,33.3291,-111.9943
85045,33.3022,-112.1226
85048,33.316,-112.0669
85050,33.6863,-111.9963
85051,33.5591,-112.1332
85083,33.7352,-112.1294
85086,33.8155,-112.1202
85087,33.9235,-112.1279
85142,33.2487,-111.6343
85201,33.4317,-111.8469
85202,33.3851,-111.8724
85204,33.3992,-111.7896
85205,33.4368,-111.7129
85206,33.4026,-111.7242
85207,33.4321,-111.6426
85208,33.3984,-111.6513
85209,33.3782,-111.6406
85210,33.3887,-111.8428
85212,33.3425,-111.6353
85213,33.4367,-111.7731
85215,33.4707,-111.7188
85224,33.3301,-111.8632
85225,33.3105,-111.8239
85226,33.3092,-111.9198
85233,33.3354,-111.8153
85234,33.3527,-111.7809
85248,33.2509,-111.8593
85249,33.2414,-111.7745
85250,33.5218,-111.9049
85251,33.4936,-111.9167
85253,33.5494,-111.9565
85254,33.6165,-111.9554
85255,33.6968,-111.8892
85257,33.4669,-111.9151
85258,33.5647,-111.8931
85260,33.6013,-111.8867
85262,33.7752,-111.7791
85263,33.7225,-111.6757
85266,33.7669,-111.9182
85268,33.6085,-111.7237
85281,33.4227,-111.9261
85283,33.3665,-111.9312
85284,33.3363,-111.9197
85286,33.2711,-111.8311
85295,33.3054,-111.7408
85296,33.3354,-111.7406
85297,33.2781,-111.7096
85298,33.2522,-111.7022
85301,33.5311,-112.1767
85302,33.5675,-112.1753
85303,33.5262,-112.2149
85304,33.5943,-112.1746
85306,33.6239,-112.1776
85307,33.5376,-112.3137
85308,33.6539,-112.1694
85310,33.7047,-112.1641
85323,33.4321,-112.3438
85326,33.3703,-112.5838
85331,33.8851,-111.9349
85335,33.6082,-112.3241
85338,33.4368,-112.3834
85339,33.3436,-112.1716
85340,33.5098,-112.4135
85345,33.5761,-112.2344
85351,33.6061,-112.2797
85353,33.4347,-112.2774
85355,33.5673,-112.4387
85361,33.7637,-112.6142
85363,33.5908,-112.3013
85373,33.6588,-112.3214
85374,33.63,-112.3314
85375,33.6856,-112.3659
85379,33.6021,-112.3736
85381,33.6048,-112.2237
85382,33.6308,-112.2072
85383,33.7169,-112.238
85387,33.7129,-112.4375
85390,33.8944,-112.8603
85392,33.4777,-112.3093
85395,33.479,-112.3947
85396,33.468,-112.4787
86401,35.1328,-113.7033
86403,34.4814,-114.3483
86404,34.5575,-114.3307
86406,34.4228,-114.125
86409,35.2633,-114.0223
86413,35.3002,-114.2215
86426,35.0052,-114.5687
86442,35.106,-114.5947
85901,34.2998,-110.0
85929,34.1662,-109.9869
85933,34.4086,-110.56
85935,34.1175,-109.9197
86025,34.9085,-110.1434
85614,31.8543,-111.0003
85629,31.9452,-111.0002
85641,32.0027,-110.7053
85653,32.4047,-111.2736
85704,32.3379,-110.9855
85706,32.1392,-110.9451
85710,32.2138,-110.824
85711,32.2127,-110.8829
85712,32.25,-110.8869
85715,32.2519,-110.82
85718,32.3112,-110.9179
85719,32.2474,-110.9491
85730,32.181,-110.819
85735,32.093,-111.3472
85737,32.4142,-110.9466
85739,32.465,-110.8922
85741,32.3472,-111.0419
85742,32.4076,-111.065
85743,32.3366,-111.1771
85745,32.2434,-111.0179
85746,32.1422,-111.0506
85747,32.0984,-110.7272
85750,32.2974,-110.8404
85755,32.4227,-110.9768
85756,32.0839,-110.9004
85757,32.1336,-111.0973
85118,33.3284,-111.3502
85119,33.4001,-111.5028
85122,32.8905,-111.754
85123,32.7559,-111.671
85128,32.9574,-111.5344
85131,32.7509,-111.5833
85132,32.9969,-111.3612
85138,33.0073,-111.9324
85140,33.1911,-111.528
85143,33.1911,-111.528
85194,32.8984,-111.6261
85658,32.4305,-111.1459
85624,31.5353,-110.6968
85637,31.6731,-110.6188
85648,31.5084,-111.0757
85324,34.0755,-112.134
86301,34.5917,-112.4265
86303,34.4958,-112.3783
86305,34.8185,-112.9584
86314,34.6019,-112.3264
86315,34.7055,-112.2639
86320,35.215,-112.5027
86323,34.7757,-112.4731
86324,34.7711,-112.0579
86325,34.7256,-111.9086
86326,34.7055,-112.0091
86327,34.5368,-112.2567
86332,34.4541,-112.8966
86335,34.638,-111.7842
86337,35.3212,-112.9548
85356,32.6935,-114.1561
85364,32.7015,-114.6424
85365,32.7093,-114.4905
85367,32.6566,-114.4042
